{"cameraMode":{"drawMode":0,"name":"Shaded","section":"Shading Mode"},"sceneLighting":true,"audioPlay":false,"sceneViewState":{"m_AlwaysRefresh":false,"showFog":true,"showSkybox":true,"showFlares":true,"showImageEffects":true,"showParticleSystems":true,"showVisualEffectGraphs":true,"m_FxEnabled":true},"in2DMode":false,"pivot":{"x":-10.514816284179688,"y":7.857471942901611,"z":-21.17416000366211},"rotation":{"x":0.23784829676151277,"y":0.4290267825126648,"z":-0.11823877692222595,"w":0.8634952306747437},"size":11.992452621459961,"orthographic":true}